{
  "main": {
    "id": "4c4cb0a23025c10e",
    "type": "split",
    "children": [
      {
        "id": "313b1160d1f1872e",
        "type": "tabs",
        "children": [
          {
            "id": "e890d9676011426d",
            "type": "leaf",
            "state": {
              "type": "markdown",
              "state": {
                "file": "01_intro.md",
                "mode": "source",
                "source": false
              },
              "icon": "lucide-file",
              "title": "01_intro"
            }
          }
        ]
      }
    ],
    "direction": "vertical"
  },
  "left": {
    "id": "f459021deade8756",
    "type": "split",
    "children": [
      {
        "id": "e1ca40a4ca173e1c",
        "type": "tabs",
        "children": [
          {
            "id": "47239ce0d307cc77",
            "type": "leaf",
            "state": {
              "type": "file-explorer",
              "state": {
                "sortOrder": "alphabetical",
                "autoReveal": false
              },
              "icon": "lucide-folder-closed",
              "title": "Files"
            }
          },
          {
            "id": "120cea106e395a58",
            "type": "leaf",
            "state": {
              "type": "search",
              "state": {
                "query": "",
                "matchingCase": false,
                "explainSearch": false,
                "collapseAll": false,
                "extraContext": false,
                "sortOrder": "alphabetical"
              },
              "icon": "lucide-search",
              "title": "Search"
            }
          },
          {
            "id": "523646f7ded08cc1",
            "type": "leaf",
            "state": {
              "type": "bookmarks",
              "state": {},
              "icon": "lucide-bookmark",
              "title": "Bookmarks"
            }
          }
        ]
      }
    ],
    "direction": "horizontal",
    "width": 300
  },
  "right": {
    "id": "fbc8a37b6de1c821",
    "type": "split",
    "children": [
      {
        "id": "0c63f8edb4d6dd61",
        "type": "tabs",
        "children": [
          {
            "id": "99ff25be16dcc17b",
            "type": "leaf",
            "state": {
              "type": "backlink",
              "state": {
                "file": "03_harvesting_passwords.md",
                "collapseAll": false,
                "extraContext": false,
                "sortOrder": "alphabetical",
                "showSearch": false,
                "searchQuery": "",
                "backlinkCollapsed": false,
                "unlinkedCollapsed": true
              },
              "icon": "links-coming-in",
              "title": "Backlinks for 03_harvesting_passwords"
            }
          },
          {
            "id": "2a1fe6bfc46ab7d4",
            "type": "leaf",
            "state": {
              "type": "outgoing-link",
              "state": {
                "file": "03_harvesting_passwords.md",
                "linksCollapsed": false,
                "unlinkedCollapsed": true
              },
              "icon": "links-going-out",
              "title": "Outgoing links from 03_harvesting_passwords"
            }
          },
          {
            "id": "72e366e8a2b170aa",
            "type": "leaf",
            "state": {
              "type": "tag",
              "state": {
                "sortOrder": "frequency",
                "useHierarchy": true,
                "showSearch": false,
                "searchQuery": ""
              },
              "icon": "lucide-tags",
              "title": "Tags"
            }
          },
          {
            "id": "18b02380daceef71",
            "type": "leaf",
            "state": {
              "type": "outline",
              "state": {
                "file": "03_harvesting_passwords.md",
                "followCursor": false,
                "showSearch": false,
                "searchQuery": ""
              },
              "icon": "lucide-list",
              "title": "Outline of 03_harvesting_passwords"
            }
          }
        ]
      }
    ],
    "direction": "horizontal",
    "width": 300,
    "collapsed": true
  },
  "left-ribbon": {
    "hiddenItems": {
      "switcher:Open quick switcher": false,
      "graph:Open graph view": false,
      "canvas:Create new canvas": false,
      "daily-notes:Open today's daily note": false,
      "templates:Insert template": false,
      "command-palette:Open command palette": false
    }
  },
  "active": "47239ce0d307cc77",
  "lastOpenFiles": [
    "05_abusing_services.md",
    "06_abusing_dangerous_privileges.md",
    "04_other_quick_wins.md",
    "03_harvesting_passwords.md",
    "02_windows_privilege_escalation.md",
    "07_abusing_vulnerable_software.md",
    "08_tools_of_trade.md",
    "images/ff706d6530426d3123c0983acd61f934.png",
    "images/dd7290ca93369cee33182023cb9190ff.png",
    "images/d8244cfd9d64a7be30f5fb0308fd0806.png",
    "images/befb434f15dbd4deee0654f8b6ef6de0.png",
    "images/bbd0af143c9a9b31c1acce32fabfdc0f.png",
    "images/a5437a609e41d982b320967667e9b97a.png",
    "images/89e74e14454edc10fa2bd541ac359772.png",
    "images/6e5768172fbb97d6777dde7e15a3fcfc.png",
    "images/4603506a36f4bbda602dc67cdc845d9f.png",
    "images/33303d0cde736589d2838ee894379ff2.png",
    "images",
    "Welcome.md"
  ]
}